Date,Open,High,Low,Close,Volume
2018-08-01,49.782501,50.439999,49.327499,50.375,271742800
2018-08-02,50.145,52.095001,50.087502,51.8475,249616000
2018-08-03,51.7575,52.185001,51.369999,51.997501,133789600
2018-08-06,52,52.3125,51.767502,52.267502,101701600
2018-08-07,52.330002,52.375,51.689999,51.7775,102349600
2018-08-08,51.512501,51.952499,51.130001,51.8125,90102000
2018-08-09,52.3825,52.445,51.799999,52.220001,93970400
2018-08-10,51.84,52.275002,51.6675,51.8825,98444800
2018-08-13,52.327499,52.737499,51.924999,52.217499,103563600
2018-08-14,52.540001,52.639999,52.064999,52.4375,82992000
2018-08-15,52.305,52.685001,52.0825,52.560001,115230400
2018-08-16,52.9375,53.452499,52.8675,53.330002,114001600
2018-08-17,53.360001,54.487499,53.290001,54.395,141708000
2018-08-20,54.525002,54.794998,53.7775,53.865002,121150800
2018-08-21,54.200001,54.297501,53.5075,53.759998,104639200
2018-08-22,53.525002,54.09,53.459999,53.762501,76072400
2018-08-23,53.662498,54.262501,53.650002,53.872501,75532800
2018-08-24,54.150002,54.224998,53.7775,54.040001,73905600
2018-08-27,54.287498,54.685001,54.0825,54.485001,82100400
2018-08-28,54.752499,55.134998,54.73,54.924999,91107200
2018-08-29,55.037498,55.872501,54.852501,55.744999,109019200
2018-08-30,55.8125,57.064999,55.599998,56.2575,195175200
2018-08-31,56.627499,57.217499,56.5,56.907501,173360400
2018-09-04,57.102501,57.294998,56.657501,57.09,109560400
2018-09-05,57.247501,57.4175,56.275002,56.717499,133332000
2018-09-06,56.557499,56.837502,55.325001,55.775002,137160000
2018-09-07,55.462502,56.342499,55.177502,55.325001,150479200
2018-09-10,55.237499,55.462502,54.1175,54.5825,158066000
2018-09-11,54.502499,56.075001,54.139999,55.962502,142996000
2018-09-12,56.235001,56.25,54.959999,55.267502,197114800
2018-09-13,55.880001,57.087502,55.642502,56.602501,166825600
2018-09-14,56.4375,56.709999,55.630001,55.959999,127997200
2018-09-17,55.537498,55.737499,54.317501,54.470001,148780400
2018-09-18,54.447498,55.462502,54.279999,54.560001,126286800
2018-09-19,54.625,54.904999,53.825001,54.592499,108495200
2018-09-20,55.060001,55.57,54.787498,55.0075,106435200
2018-09-21,55.195,55.34,54.322498,54.415001,384986800
2018-09-24,54.205002,55.314999,54.157501,55.197498,110773600
2018-09-25,54.9375,55.705002,54.924999,55.547501,98217600
2018-09-26,55.25,55.9375,54.939999,55.105,95938800
2018-09-27,55.955002,56.610001,55.884998,56.237499,120724800
2018-09-28,56.197498,56.459999,56.005001,56.435001,91717600
2018-10-01,56.987499,57.355,56.587502,56.814999,94403200
2018-10-02,56.8125,57.5,56.657501,57.32,99152800
2018-10-03,57.512501,58.3675,57.445,58.017502,114619200
2018-10-04,57.695,58.087502,56.682499,56.997501,128168000
2018-10-05,56.990002,57.102501,55.145,56.072498,134322000
2018-10-08,55.552502,56.200001,55.049999,55.942501,118655600
2018-10-09,55.91,56.817501,55.5625,56.717499,107564000
2018-10-10,56.365002,56.587502,54.012501,54.09,167962400
2018-10-11,53.630001,54.875,53.080002,53.612499,212497600
2018-10-12,55.105,55.720001,54.209999,55.5275,161351600
2018-10-15,55.290001,55.4575,54.317501,54.34,123164000
2018-10-16,54.732498,55.747501,54.189999,55.537498,116736000
2018-10-17,55.575001,55.66,54.834999,55.297501,91541600
2018-10-18,54.465,54.935001,53.25,54.005001,130325200
2018-10-19,54.514999,55.314999,54.357498,54.827499,132314800
2018-10-22,54.947498,55.84,54.735001,55.162498,115168400
2018-10-23,53.9575,55.8125,53.674999,55.682499,155071200
2018-10-24,55.650002,56.057499,53.634998,53.772499,163702000
2018-10-25,54.427502,55.345001,54.1875,54.950001,119423200
2018-10-26,53.974998,55.047501,53.1675,54.075001,189033600
2018-10-29,54.797501,54.922501,51.522499,53.060001,183742000
2018-10-30,52.787498,53.794998,52.317501,53.325001,146640000
2018-10-31,54.220001,55.112499,54.154999,54.715,153435600
2018-11-01,54.762501,55.59,54.202499,55.555,233292800
2018-11-02,52.387501,53.412498,51.357498,51.869999,365314800
2018-11-05,51.075001,51.0975,49.5425,50.397499,264654800
2018-11-06,50.48,51.18,50.422501,50.942501,127531600
2018-11-07,51.4925,52.514999,51.032501,52.487499,133697600
2018-11-08,52.494999,52.529999,51.6875,52.122501,101450400
2018-11-09,51.387501,51.502499,50.5625,51.1175,137463200
2018-11-12,49.75,49.962502,48.447498,48.5425,204542000
2018-11-13,47.907501,49.294998,47.862499,48.057499,187531600
2018-11-14,48.474998,48.619999,46.482498,46.700001,243204000
2018-11-15,47.0975,47.9925,46.724998,47.852501,185915200
2018-11-16,47.625,48.7425,47.365002,48.3825,147713200
2018-11-19,47.5,47.674999,46.247501,46.465,167701200
2018-11-20,44.592499,45.3675,43.877499,44.244999,271300800
2018-11-21,44.932499,45.067501,44.137501,44.195,124496800
2018-11-23,43.735001,44.150002,43.025002,43.072498,94496000
2018-11-26,43.560001,43.737499,42.564999,43.654999,179994000
2018-11-27,42.877499,43.692501,42.720001,43.560001,165549600
2018-11-28,44.182499,45.322498,43.732498,45.235001,184250000
2018-11-29,45.665001,45.700001,44.424999,44.887501,167080000
2018-11-30,45.072498,45.0825,44.2575,44.645,158126000
2018-12-03,46.115002,46.235001,45.302502,46.205002,163210000
2018-12-04,45.237499,45.5975,44.067501,44.172501,165377200
2018-12-06,42.939999,43.695,42.605,43.68,172393600
2018-12-07,43.372501,43.622501,42.075001,42.122501,169126400
2018-12-10,41.25,42.522499,40.8325,42.400002,248104000
2018-12-11,42.915001,42.947498,41.75,42.157501,189126800
2018-12-12,42.599998,42.98,42.255001,42.275002,142510800
2018-12-13,42.622501,43.142502,42.387501,42.737499,127594400
2018-12-14,42.25,42.27,41.32,41.369999,162814800
2018-12-17,41.362499,42.087502,40.682499,40.985001,177151600
2018-12-18,41.345001,41.8825,41.0975,41.517502,135366000
2018-12-19,41.5,41.862499,39.772499,40.2225,196189200
2018-12-20,40.099998,40.5275,38.825001,39.2075,259092000
2018-12-21,39.215,39.540001,37.407501,37.682499,382978400
2018-12-24,37.037498,37.887501,36.647499,36.7075,148676800
2018-12-26,37.075001,39.307499,36.68,39.2925,234330000
2018-12-27,38.959999,39.192501,37.517502,39.037498,212468400
2018-12-28,39.375,39.630001,38.637501,39.057499,169165600
2018-12-31,39.6325,39.84,39.119999,39.435001,140014000
2019-01-02,38.7225,39.712502,38.557499,39.48,148158800
2019-01-03,35.994999,36.43,35.5,35.547501,365248800
2019-01-04,36.1325,37.137501,35.950001,37.064999,234428400
2019-01-07,37.174999,37.2075,36.474998,36.982498,219111200
2019-01-08,37.389999,37.955002,37.130001,37.6875,164101200
2019-01-09,37.822498,38.6325,37.407501,38.327499,180396400
2019-01-10,38.125,38.4925,37.715,38.450001,143122800
2019-01-11,38.220001,38.424999,37.877499,38.072498,108092800
2019-01-14,37.712502,37.817501,37.305,37.5,129756800
2019-01-15,37.567501,38.3475,37.512501,38.267502,114843600
2019-01-16,38.27,38.970001,38.25,38.735001,122278800
2019-01-17,38.549999,39.415001,38.314999,38.965,119284800
2019-01-18,39.375,39.470001,38.994999,39.205002,135004000
2019-01-22,39.102501,39.182499,38.154999,38.325001,121576000
2019-01-23,38.537498,38.785,37.924999,38.48,92522400
2019-01-24,38.5275,38.619999,37.935001,38.174999,101766000
2019-01-25,38.869999,39.532501,38.580002,39.439999,134142000
2019-01-28,38.947498,39.0825,38.415001,39.075001,104768400
2019-01-29,39.0625,39.532501,38.5275,38.669998,166348800
2019-01-30,40.8125,41.537498,40.057499,41.3125,244439200
2019-01-31,41.5275,42.25,41.139999,41.610001,162958400
2019-02-01,41.740002,42.244999,41.482498,41.630001,130672400
2019-02-04,41.852501,42.915001,41.82,42.8125,125982000
2019-02-05,43.215,43.77,43.087502,43.544998,144406400
2019-02-06,43.662498,43.892502,43.212502,43.560001,112958400
2019-02-07,43.099998,43.485001,42.584999,42.735001,126966800
2019-02-08,42.247501,42.665001,42.105,42.602501,95280000
2019-02-11,42.762501,42.802502,42.3125,42.357498,83973600
2019-02-12,42.525002,42.75,42.424999,42.7225,89134000
2019-02-13,42.8475,43.119999,42.48,42.544998,89960800
2019-02-14,42.427502,42.814999,42.345001,42.700001,87342800
2019-02-15,42.8125,42.924999,42.4375,42.605,98507200
2019-02-19,42.427502,42.860001,42.372501,42.732498,75891200
2019-02-20,42.797501,43.330002,42.747501,43.0075,104457600
2019-02-21,42.950001,43.092499,42.575001,42.764999,68998800
2019-02-22,42.895,43.25,42.845001,43.2425,75652800
2019-02-25,43.540001,43.967499,43.487499,43.557499,87493600
2019-02-26,43.427502,43.825001,43.2925,43.5825,68280800
2019-02-27,43.302502,43.75,43.182499,43.717499,111341600
2019-02-28,43.580002,43.727501,43.23,43.287498,112861600
2019-03-01,43.57,43.787498,43.2225,43.7425,103544800
2019-03-04,43.922501,44.4375,43.4925,43.962502,109744800
2019-03-05,43.985001,44,43.634998,43.8825,78949600
2019-03-06,43.6675,43.872501,43.485001,43.630001,83241600
2019-03-07,43.467499,43.610001,43.005001,43.125,99185600
2019-03-08,42.580002,43.267502,42.375,43.227501,95997600
2019-03-11,43.872501,44.779999,43.837502,44.724998,128044000
2019-03-12,45,45.6675,44.842499,45.227501,129870400
2019-03-13,45.5625,45.825001,45.23,45.427502,124130000
2019-03-14,45.974998,46.025002,45.639999,45.932499,94318000
2019-03-15,46.212502,46.8325,45.935001,46.529999,156171600
2019-03-18,46.450001,47.0975,46.447498,47.005001,104879200
2019-03-19,47.087502,47.247501,46.48,46.6325,126585600
2019-03-20,46.557499,47.372501,46.182499,47.040001,124140800
2019-03-21,47.505001,49.0825,47.452499,48.772499,204136800
2019-03-22,48.834999,49.422501,47.695,47.762501,169630800
2019-03-25,47.877499,47.994999,46.650002,47.185001,175381200
2019-03-26,47.915001,48.220001,46.145,46.697498,199202000
2019-03-27,47.1875,47.439999,46.637501,47.1175,119393600
2019-03-28,47.237499,47.389999,46.8825,47.18,83121600
2019-03-29,47.4575,47.52,47.134998,47.487499,94256000
2019-04-01,47.91,47.919998,47.095001,47.810001,111448000
2019-04-02,47.772499,48.615002,47.762501,48.505001,91062800
2019-04-03,48.3125,49.125,48.287498,48.837502,93087200
2019-04-04,48.697498,49.092499,48.285,48.922501,76457200
2019-04-05,49.112499,49.275002,48.982498,49.25,74106400
2019-04-08,49.105,50.057499,49.084999,50.025002,103526800
2019-04-09,50.080002,50.712502,49.807499,49.875,143072800
2019-04-10,49.669998,50.185001,49.544998,50.154999,86781200
2019-04-11,50.212502,50.25,49.610001,49.737499,83603200
2019-04-12,49.799999,50.035,49.052502,49.717499,111042800
2019-04-15,49.645,49.962502,49.502499,49.807499,70146400
2019-04-16,49.865002,50.342499,49.639999,49.8125,102785600
2019-04-17,49.884998,50.845001,49.6525,50.782501,115627200
2019-04-18,50.779999,51.037498,50.630001,50.965,96783200
2019-04-22,50.7075,51.235001,50.584999,51.1325,77758000
2019-04-23,51.107498,51.9375,50.974998,51.869999,93292000
2019-04-24,51.84,52.119999,51.762501,51.790001,70162400
2019-04-25,51.7075,51.939999,51.279999,51.32,74172800
2019-04-26,51.224998,51.25,50.529999,51.075001,74596400
2019-04-29,51.099998,51.4925,50.965,51.1525,88818800
2019-04-30,50.764999,50.849998,49.7775,50.1675,186139600
2019-05-01,52.470001,53.827499,52.307499,52.630001,259309200
2019-05-02,52.459999,53.162498,52.032501,52.287498,127985200
2019-05-03,52.7225,52.959999,52.557499,52.9375,83569600
2019-05-06,51.072498,52.209999,50.875,52.119999,129772400
2019-05-07,51.470001,51.855,50.2075,50.715,155054800
2019-05-08,50.474998,51.334999,50.4375,50.724998,105358000
2019-05-09,50.099998,50.419998,49.165001,50.18,139634400
2019-05-10,49.355,49.712502,48.192501,49.294998,164834800
2019-05-13,46.927502,47.369999,45.712502,46.43,229722400
2019-05-14,46.602501,47.424999,46.352501,47.165001,146118800
2019-05-15,46.567501,47.9375,46.505001,47.73,106178800
2019-05-16,47.477501,48.1175,47.209999,47.52,132125600
2019-05-17,46.732498,47.724998,46.689999,47.25,131516400
2019-05-20,45.880001,46.087502,45.07,45.772499,154449200
2019-05-21,46.305,47,46.174999,46.650002,113459200
2019-05-22,46.165001,46.427502,45.637501,45.695,118994400
2019-05-23,44.950001,45.134998,44.452499,44.915001,146118800
2019-05-24,45.049999,45.535,44.654999,44.7425,94858800
2019-05-28,44.73,45.147499,44.477501,44.557499,111792800
2019-05-29,44.105,44.837502,44,44.345001,113924800
2019-05-30,44.487499,44.807499,44.1675,44.575001,84873600
2019-05-31,44.057499,44.497501,43.747501,43.767502,108174400
2019-06-03,43.900002,44.48,42.567501,43.325001,161584400
2019-06-04,43.860001,44.9575,43.630001,44.91,123872000
2019-06-05,46.07,46.247501,45.285,45.634998,119093600
2019-06-06,45.77,46.3675,45.537498,46.305,90105200
2019-06-07,46.627499,47.98,46.442501,47.537498,122737600
2019-06-10,47.952499,48.842499,47.904999,48.145,104883600
2019-06-11,48.715,49,48.400002,48.702499,107731600
2019-06-12,48.487499,48.9925,48.3475,48.547501,73012800
2019-06-13,48.674999,49.197498,48.400002,48.537498,86698400
2019-06-14,47.887501,48.397499,47.575001,48.185001,75046000
2019-06-17,48.224998,48.740002,48.0425,48.4725,58676400
2019-06-18,49.012501,50.072498,48.802502,49.612499,106204000
2019-06-19,49.919998,49.970001,49.327499,49.467499,84496800
2019-06-20,50.092499,50.1525,49.5075,49.865002,86056000
2019-06-21,49.700001,50.212502,49.537498,49.695,191202400
2019-06-24,49.634998,50.040001,49.5425,49.645,72881600
2019-06-25,49.607498,49.814999,48.822498,48.892502,84281200
2019-06-26,49.442501,50.247501,49.337502,49.950001,104270000
2019-06-27,50.072498,50.392502,49.892502,49.935001,83598800
2019-06-28,49.669998,49.875,49.262501,49.48,124442400
2019-07-01,50.7925,51.122501,50.162498,50.387501,109012000
2019-07-02,50.352501,50.782501,50.34,50.682499,67740800
2019-07-03,50.82,51.110001,50.672501,51.102501,45448000
2019-07-05,50.837502,51.27,50.724998,51.057499,69062000
2019-07-08,50.202499,50.349998,49.602501,50.005001,101354400
2019-07-09,49.799999,50.377499,49.702499,50.310001,82312000
2019-07-10,50.462502,50.932499,50.389999,50.807499,71588400
2019-07-11,50.827499,51.0975,50.427502,50.4375,80767200
2019-07-12,50.612499,51,50.549999,50.825001,70380800
2019-07-15,51.022499,51.467499,51,51.302502,67789600
2019-07-16,51.147499,51.5275,50.875,51.125,67467200
2019-07-17,51.012501,51.272499,50.817501,50.837502,56430000
2019-07-18,51,51.470001,50.924999,51.415001,74162400
2019-07-19,51.447498,51.625,50.59,50.647499,83717200
2019-07-22,50.912498,51.807499,50.9025,51.805,89111600
2019-07-23,52.115002,52.227501,51.822498,52.209999,73420800
2019-07-24,51.9175,52.287498,51.7925,52.1675,59966400
2019-07-25,52.2225,52.310001,51.682499,51.755001,55638400
2019-07-26,51.869999,52.432499,51.785,51.935001,70475600
2019-07-29,52.115002,52.66,52.110001,52.419998,86693600
2019-07-30,52.189999,52.540001,51.827499,52.195,135742800
2019-07-31,54.105,55.342499,52.825001,53.259998,277125600
2019-08-01,53.474998,54.5075,51.685001,52.107498,216071600
2019-08-02,51.3825,51.607498,50.407501,51.005001,163448400
2019-08-05,49.497501,49.662498,48.145,48.334999,209572000
2019-08-06,49.077499,49.517502,48.509998,49.25,143299200
2019-08-07,48.852501,49.889999,48.455002,49.759998,133457600
2019-08-08,50.049999,50.8825,49.8475,50.857498,108038000
2019-08-09,50.325001,50.689999,49.822498,50.247501,98478800
2019-08-12,49.904999,50.512501,49.787498,50.119999,89927600
2019-08-13,50.255001,53.035,50.119999,52.2425,188874000
2019-08-14,50.790001,51.610001,50.647499,50.6875,146189600
2019-08-15,50.865002,51.285,49.9175,50.435001,108909600
2019-08-16,51.07,51.790001,50.959999,51.625,110481600
2019-08-19,52.654999,53.182499,52.5075,52.587502,97654400
2019-08-20,52.720001,53.337502,52.580002,52.59,107537200
2019-08-21,53.247501,53.412498,52.900002,53.16,86141600
2019-08-22,53.297501,53.610001,52.6875,53.115002,89014800
2019-08-23,52.357498,53.012501,50.25,50.66,187272000
2019-08-26,51.465,51.797501,51.264999,51.622501,104174400
2019-08-27,51.965,52.137501,50.8825,51.040001,103493200
2019-08-28,51.025002,51.43,50.830002,51.3825,63755200
2019-08-29,52.125,52.330002,51.665001,52.252499,83962000
2019-08-30,52.540001,52.612499,51.799999,52.185001,84573600
2019-09-03,51.607498,51.744999,51.055,51.424999,80092000
2019-09-04,52.0975,52.369999,51.830002,52.297501,76752400
2019-09-05,53,53.4925,52.877499,53.32,95654800
2019-09-06,53.512501,53.605,53.127499,53.314999,77449200
2019-09-09,53.709999,54.110001,52.767502,53.5425,109237600
2019-09-10,53.465,54.195,52.927502,54.174999,127111600
2019-09-11,54.517502,55.927502,54.432499,55.897499,177158400
2019-09-12,56.200001,56.605,55.715,55.772499,128906800
2019-09-13,55,55.197498,54.255001,54.6875,159053200
2019-09-16,54.432499,55.032501,54.389999,54.974998,84632400
2019-09-17,54.990002,55.205002,54.779999,55.174999,73274800
2019-09-18,55.264999,55.712502,54.860001,55.692501,101360000
2019-09-19,55.502499,55.939999,55.092499,55.240002,88242400
2019-09-20,55.345001,55.639999,54.3675,54.432499,221652400
2019-09-23,54.737499,54.959999,54.412498,54.68,76662000
2019-09-24,55.2575,55.622501,54.297501,54.419998,124763200
2019-09-25,54.637501,55.375,54.285,55.2575,87613600
2019-09-26,55,55.235001,54.7075,54.9725,75334000
2019-09-27,55.134998,55.240002,54.32,54.705002,101408000
2019-09-30,55.224998,56.145,55.197498,55.9925,103909600
2019-10-01,56.267502,57.055,56.049999,56.147499,139223200
2019-10-02,55.764999,55.895,54.482498,54.740002,138449200
2019-10-03,54.607498,55.240002,53.782501,55.205002,114426000
2019-10-04,56.41,56.872501,55.9725,56.752499,138478800
2019-10-07,56.567501,57.482498,56.459999,56.764999,122306000
2019-10-08,56.455002,57.014999,56.0825,56.099998,111820000
2019-10-09,56.7575,56.947498,56.41,56.7575,74770400
2019-10-10,56.982498,57.610001,56.825001,57.522499,113013600
2019-10-11,58.237499,59.41,58.077499,59.052502,166795600
2019-10-14,58.724998,59.532501,58.6675,58.967499,96427600
2019-10-15,59.0975,59.412498,58.720001,58.830002,87360000
2019-10-16,58.342499,58.810001,58.299999,58.592499,73903200
2019-10-17,58.772499,59.037498,58.380001,58.82,67585200
2019-10-18,58.647499,59.395,58.572498,59.102501,97433600
2019-10-21,59.380001,60.247501,59.330002,60.127499,87247200
2019-10-22,60.290001,60.549999,59.904999,59.990002,82293600
2019-10-23,60.525002,60.810001,60.305,60.794998,75828800
2019-10-24,61.127499,61.200001,60.452499,60.895,69275200
2019-10-25,60.790001,61.682499,60.720001,61.645,73477200
2019-10-28,61.855,62.3125,61.68,62.262501,96572800
2019-10-29,62.2425,62.4375,60.642502,60.822498,142839600
2019-10-30,61.189999,61.325001,60.302502,60.814999,124522000
2019-10-31,61.810001,62.2925,59.314999,62.189999,139162000
2019-11-01,62.384998,63.982498,62.290001,63.955002,151125200
2019-11-04,64.332497,64.462502,63.845001,64.375,103272000
2019-11-05,64.262497,64.547501,64.080002,64.282501,79897600
2019-11-06,64.192497,64.372498,63.842499,64.309998,75864400
2019-11-07,64.684998,65.087502,64.527496,64.857498,94940400
2019-11-08,64.672501,65.110001,64.212502,65.035004,69986400
2019-11-11,64.574997,65.6175,64.57,65.550003,81821200
2019-11-12,65.387497,65.697502,65.230003,65.489998,87388800
2019-11-13,65.282501,66.195,65.267502,66.1175,102734400
2019-11-14,65.9375,66.220001,65.525002,65.660004,89182800
2019-11-15,65.919998,66.445,65.752502,66.440002,100206400
2019-11-18,66.449997,66.857498,66.057503,66.775002,86703200
2019-11-19,66.974998,67,66.347504,66.572502,76167200
2019-11-20,66.385002,66.519997,65.099998,65.797501,106234400
2019-11-21,65.922501,66.002502,65.294998,65.502502,121395200
2019-11-22,65.647499,65.794998,65.209999,65.445,65325200
2019-11-25,65.677498,66.610001,65.629997,66.592499,84020400
2019-11-26,66.735001,66.790001,65.625,66.072502,105207600
2019-11-27,66.394997,66.995003,66.327499,66.959999,65235600
2019-11-29,66.650002,67,66.474998,66.8125,46617600
2019-12-02,66.817497,67.0625,65.862503,66.040001,94487200
2019-12-03,64.577499,64.8825,64.072502,64.862503,114430400
2019-12-04,65.267502,65.827499,65.169998,65.434998,67181600
2019-12-05,65.947502,66.472504,65.682503,66.394997,74424400
2019-12-06,66.870003,67.75,66.824997,67.677498,106075600
2019-12-09,67.5,67.699997,66.227501,66.730003,128042400
2019-12-10,67.150002,67.517502,66.464996,67.120003,90420400
2019-12-11,67.202499,67.775002,67.125,67.692497,78756800
2019-12-12,66.945,68.139999,66.830002,67.864998,137310400
2019-12-13,67.864998,68.824997,67.732498,68.787498,133587600
2019-12-16,69.25,70.197502,69.245003,69.964996,128186000
2019-12-17,69.892502,70.442497,69.699997,70.102501,114158400
2019-12-18,69.949997,70.474998,69.779999,69.934998,116028400
2019-12-19,69.875,70.294998,69.737503,70.004997,98369200
2019-12-20,70.557503,70.662498,69.639999,69.860001,275978000
2019-12-23,70.1325,71.0625,70.092499,71,98572000
2019-12-24,71.172501,71.222504,70.730003,71.067497,48478800
2019-12-26,71.205002,72.495003,71.175003,72.477501,93121200
2019-12-27,72.779999,73.4925,72.029999,72.449997,146266000
2019-12-30,72.364998,73.172501,71.305,72.879997,144114400
2019-12-31,72.482498,73.419998,72.379997,73.412498,100805600
2020-01-02,74.059998,75.150002,73.797501,75.087502,135480400
2020-01-03,74.287498,75.144997,74.125,74.357498,146322800
2020-01-06,73.447502,74.989998,73.1875,74.949997,118387200
2020-01-07,74.959999,75.224998,74.370003,74.597504,108872000
2020-01-08,74.290001,76.110001,74.290001,75.797501,132079200
2020-01-09,76.809998,77.607498,76.550003,77.407501,170108400
2020-01-10,77.650002,78.167503,77.0625,77.582497,140644800
2020-01-13,77.910004,79.267502,77.787498,79.239998,121532000
2020-01-14,79.175003,79.392502,78.042503,78.169998,161954400
2020-01-15,77.962502,78.875,77.387497,77.834999,121923600
2020-01-16,78.397499,78.925003,78.022499,78.809998,108829200
2020-01-17,79.067497,79.684998,78.75,79.682503,137816400
2020-01-21,79.297501,79.754997,79,79.142502,110843200
2020-01-22,79.644997,79.997498,79.327499,79.425003,101832400
2020-01-23,79.480003,79.889999,78.912498,79.807503,104472000
2020-01-24,80.0625,80.832497,79.379997,79.577499,146537600
2020-01-27,77.514999,77.942497,76.220001,77.237503,161940000
2020-01-28,78.150002,79.599998,78.047501,79.422501,162234000
2020-01-29,81.112503,81.962502,80.345001,81.084999,216229200
2020-01-30,80.135002,81.022499,79.6875,80.967499,126743200
2020-01-31,80.232498,80.669998,77.072502,77.377502,199588400
2020-02-03,76.074997,78.372498,75.555,77.165001,173788400
2020-02-04,78.827499,79.910004,78.407501,79.712502,136616400
2020-02-05,80.879997,81.190002,79.737503,80.362503,118826800
2020-02-06,80.642502,81.305,80.065002,81.302498,105425600
2020-02-07,80.592499,80.849998,79.5,80.0075,117684000
2020-02-10,78.544998,80.387497,78.462502,80.387497,109348800
2020-02-11,80.900002,80.974998,79.677498,79.902496,94323200
2020-02-12,80.3675,81.805,80.3675,81.800003,113730400
2020-02-13,81.047501,81.555,80.837502,81.217499,94747600
2020-02-14,81.184998,81.495003,80.712502,81.237503,80113600
2020-02-18,78.839996,79.9375,78.652496,79.75,152531200
2020-02-19,80,81.142502,80,80.904999,93984000
2020-02-20,80.657501,81.162498,79.552498,80.074997,100566000
2020-02-21,79.654999,80.112503,77.625,78.262497,129554000
2020-02-24,74.315002,76.044998,72.307503,74.544998,222195200
2020-02-25,75.237503,75.6325,71.532501,72.019997,230673600
2020-02-26,71.6325,74.470001,71.625,73.162498,198054800
2020-02-27,70.275002,71.5,68.239998,68.379997,320605600
2020-02-28,64.315002,69.602501,64.092499,68.339996,426510000
2020-03-02,70.57,75.360001,69.43,74.702499,341397200
2020-03-03,75.917503,76,71.449997,72.330002,319475600
2020-03-04,74.110001,75.849998,73.282501,75.684998,219178400
2020-03-05,73.879997,74.887497,72.852501,73.230003,187572800
2020-03-06,70.5,72.705002,70.307503,72.2575,226176800
2020-03-09,65.9375,69.522499,65.75,66.542503,286744800
2020-03-10,69.285004,71.610001,67.342499,71.334999,285290000
2020-03-11,69.347504,70.305,67.964996,68.857498,255598800
2020-03-12,63.985001,67.5,62,62.057499,418474000
2020-03-13,66.222504,69.980003,63.237499,69.4925,370732000
2020-03-16,60.487499,64.769997,60,60.552502,322423600
2020-03-17,61.877499,64.402496,59.599998,63.215,324056000
2020-03-18,59.942501,62.5,59.279999,61.6675,300233600
2020-03-19,61.8475,63.209999,60.6525,61.195,271857200
2020-03-20,61.794998,62.9575,57,57.310001,401693200
2020-03-23,57.02,57.125,53.1525,56.092499,336752800
2020-03-24,59.09,61.922501,58.575001,61.720001,287531200
2020-03-25,62.6875,64.5625,61.075001,61.380001,303602000
2020-03-26,61.630001,64.669998,61.59,64.610001,252087200
2020-03-27,63.1875,63.967499,61.762501,61.935001,204216800
2020-03-30,62.685001,63.880001,62.349998,63.702499,167976400
2020-03-31,63.900002,65.622498,63,63.572498,197002000
2020-04-01,61.625,62.18,59.782501,60.227501,176218400
2020-04-02,60.084999,61.287498,59.224998,61.232498,165934000
2020-04-03,60.700001,61.424999,59.7425,60.352501,129880000
2020-04-06,62.724998,65.777496,62.345001,65.6175,201820400
2020-04-07,67.699997,67.925003,64.75,64.857498,202887200
2020-04-08,65.684998,66.842499,65.307503,66.517502,168895200
2020-04-09,67.175003,67.517502,66.175003,66.997498,161834800
2020-04-13,67.077499,68.425003,66.457497,68.3125,131022800
2020-04-14,70,72.0625,69.512497,71.762497,194994800
2020-04-15,70.599998,71.582497,70.157501,71.107498,131154400
2020-04-16,71.845001,72.050003,70.587502,71.672501,157125200
2020-04-17,71.172501,71.737503,69.214996,70.699997,215250000
2020-04-20,69.487503,70.419998,69.212502,69.232498,130015200
2020-04-21,69.07,69.3125,66.357498,67.092499,180991600
2020-04-22,68.402496,69.474998,68.050003,69.025002,116862400
2020-04-23,68.967499,70.4375,68.717499,68.7575,124814400
2020-04-24,69.300003,70.752502,69.25,70.7425,126161200
2020-04-27,70.449997,71.135002,69.987503,70.792503,117087600
2020-04-28,71.269997,71.457497,69.550003,69.644997,112004800
2020-04-29,71.182503,72.417503,70.972504,71.932503,137280800
2020-04-30,72.489998,73.6325,72.087502,73.449997,183064000
2020-05-01,71.5625,74.75,71.462502,72.267502,240616800
2020-05-04,72.292503,73.422501,71.580002,73.290001,133568000
2020-05-05,73.764999,75.25,73.614998,74.389999,147751200
2020-05-06,75.114998,75.809998,74.717499,75.157501,142333600
2020-05-07,75.805,76.292503,75.4925,75.934998,115215200
2020-05-08,76.410004,77.587502,76.072502,77.532501,133838400
2020-05-11,77.025002,79.262497,76.809998,78.752502,145946400
2020-05-12,79.457497,79.922501,77.727501,77.852501,162301200
2020-05-13,78.037498,78.987503,75.802498,76.912498,200622400
2020-05-14,76.127502,77.447502,75.3825,77.385002,158929200
2020-05-15,75.087502,76.974998,75.052498,76.927498,166348400
2020-05-18,78.292503,79.125,77.580002,78.739998,135178400
2020-05-19,78.7575,79.629997,78.252502,78.285004,101729600
2020-05-20,79.169998,79.879997,79.129997,79.807503,111504800
2020-05-21,79.665001,80.222504,78.967499,79.212502,102688800
2020-05-22,78.942497,79.807503,78.837502,79.722504,81803200
2020-05-26,80.875,81.059998,79.125,79.182503,125522000
2020-05-27,79.035004,79.677498,78.272499,79.527496,112945200
2020-05-28,79.192497,80.860001,78.907501,79.5625,133560800
2020-05-29,79.8125,80.287498,79.1175,79.485001,153532400
2020-06-01,79.4375,80.587502,79.302498,80.462502,80791200
2020-06-02,80.1875,80.860001,79.732498,80.834999,87642800
2020-06-03,81.165001,81.550003,80.574997,81.279999,104491200
2020-06-04,81.097504,81.404999,80.195,80.580002,87560400
2020-06-05,80.837502,82.9375,80.807503,82.875,137250400
2020-06-08,82.5625,83.400002,81.830002,83.364998,95654400
2020-06-09,83.035004,86.402496,83.002502,85.997498,147712400
2020-06-10,86.974998,88.692497,86.522499,88.209999,166651600
2020-06-11,87.327499,87.764999,83.870003,83.974998,201662400
2020-06-12,86.18,86.949997,83.555,84.699997,200146000
2020-06-15,83.3125,86.419998,83.144997,85.747498,138808800
2020-06-16,87.864998,88.300003,86.18,88.019997,165428800
2020-06-17,88.787498,88.849998,87.772499,87.897499,114406400
2020-06-18,87.852501,88.362503,87.305,87.932503,96820400
2020-06-19,88.660004,89.139999,86.287498,87.43,264476000
2020-06-22,87.834999,89.864998,87.787498,89.717499,135445200
2020-06-23,91,93.095001,90.567497,91.6325,212155600
2020-06-24,91.25,92.197502,89.629997,90.014999,192623200
2020-06-25,90.175003,91.25,89.392502,91.209999,137522400
2020-06-26,91.102501,91.330002,88.254997,88.407501,205256800
2020-06-29,88.3125,90.542503,87.82,90.445,130646000
2020-06-30,90.019997,91.495003,90,91.199997,140223200
2020-07-01,91.279999,91.839996,90.977501,91.027496,110737200
2020-07-02,91.962502,92.6175,90.910004,91.027496,114041600
2020-07-06,92.5,93.945,92.467499,93.462502,118655600
2020-07-07,93.852501,94.654999,93.057503,93.172501,112424400
2020-07-08,94.18,95.375,94.089996,95.342499,117092000
2020-07-09,96.262497,96.317497,94.672501,95.752502,125642800
2020-07-10,95.334999,95.980003,94.705002,95.919998,90257200
2020-07-13,97.264999,99.955002,95.2575,95.477501,191649200
2020-07-14,94.839996,97.254997,93.877502,97.057503,170989200
2020-07-15,98.989998,99.247498,96.489998,97.724998,153198000
2020-07-16,96.5625,97.404999,95.904999,96.522499,110577600
2020-07-17,96.987503,97.147499,95.839996,96.327499,92186800
2020-07-20,96.417503,98.5,96.0625,98.357498,90318000
2020-07-21,99.172501,99.25,96.7425,97,103433200
2020-07-22,96.692497,97.974998,96.602501,97.272499,89001600
2020-07-23,96.997498,97.077499,92.010002,92.845001,197004400
2020-07-24,90.987503,92.970001,89.144997,92.614998,185438800
2020-07-27,93.709999,94.904999,93.480003,94.809998,121214000
2020-07-28,94.3675,94.550003,93.247498,93.252502,103625600
2020-07-29,93.75,95.230003,93.712502,95.040001,90329200
2020-07-30,94.1875,96.297501,93.767502,96.190002,158130000
2020-07-31,102.885002,106.415001,100.824997,106.260002,374336800
2020-08-03,108.199997,111.637497,107.892502,108.9375,308151200
2020-08-04,109.1325,110.790001,108.387497,109.665001,173071600
2020-08-05,109.377502,110.392502,108.897499,110.0625,121776800
2020-08-06,110.404999,114.412498,109.797501,113.902496,202428800
2020-08-07,113.205002,113.675003,110.292503,111.112503,198045600
2020-08-10,112.599998,113.775002,110,112.727501,212403600
2020-08-11,111.970001,112.482498,109.107498,109.375,187902400
2020-08-12,110.497498,113.275002,110.297501,113.010002,165598000
2020-08-13,114.43,116.042503,113.927498,115.010002,210082000
2020-08-14,114.830002,115,113.044998,114.907501,165565200
2020-08-17,116.0625,116.087502,113.962502,114.607498,119561600
2020-08-18,114.352501,116,114.0075,115.5625,105633600
2020-08-19,115.982498,117.162498,115.610001,115.707497,145538000
2020-08-20,115.75,118.392502,115.732498,118.275002,126907200
2020-08-21,119.262497,124.8675,119.25,124.370003,338054800
2020-08-24,128.697495,128.785004,123.9375,125.857498,345937600
2020-08-25,124.697502,125.18,123.052498,124.824997,211495600
2020-08-26,126.18,126.9925,125.082497,126.522499,163022400
2020-08-27,127.142502,127.485001,123.832497,125.010002,155552400
2020-08-28,126.012497,126.442497,124.577499,124.807503,187630000
2020-08-31,127.580002,131,126,129.039993,225702700
2020-09-01,132.759995,134.800003,130.529999,134.179993,151948100
2020-09-02,137.589996,137.979996,127,131.399994,200119000
2020-09-03,126.910004,128.839996,120.5,120.879997,257599600
2020-09-04,120.07,123.699997,110.889999,120.959999,332607200
2020-09-08,113.949997,118.989998,112.68,112.82,231366600
2020-09-09,117.260002,119.139999,115.260002,117.32,176940500
2020-09-10,120.360001,120.5,112.5,113.489998,182274400
2020-09-11,114.57,115.230003,110,112,180860300
2020-09-14,114.720001,115.93,112.800003,115.360001,140150100
2020-09-15,118.330002,118.830002,113.610001,115.540001,184642000
2020-09-16,115.230003,116,112.040001,112.129997,154679000
2020-09-17,109.720001,112.199997,108.709999,110.339996,178011000
2020-09-18,110.400002,110.879997,106.089996,106.839996,287104900
2020-09-21,104.540001,110.190002,103.099998,110.080002,195713800
2020-09-22,112.68,112.860001,109.160004,111.809998,183055400
2020-09-23,111.620003,112.110001,106.769997,107.120003,150718700
2020-09-24,105.169998,110.25,105,108.220001,167743300
2020-09-25,108.43,112.440002,107.669998,112.279999,149981400
2020-09-28,115.010002,115.32,112.779999,114.959999,137672400
2020-09-29,114.550003,115.309998,113.57,114.089996,99382200
2020-09-30,113.790001,117.260002,113.620003,115.809998,142675200
2020-10-01,117.639999,117.720001,115.830002,116.790001,116120400
2020-10-02,112.889999,115.370003,112.220001,113.019997,144712000
2020-10-05,113.910004,116.650002,113.550003,116.5,106243800
2020-10-06,115.699997,116.120003,112.25,113.160004,161498200
2020-10-07,114.620003,115.550003,114.129997,115.080002,96849000
2020-10-08,116.25,116.400002,114.589996,114.970001,83477200
2020-10-09,115.279999,117,114.919998,116.970001,100506900
2020-10-12,120.059998,125.18,119.279999,124.400002,240226800
2020-10-13,125.269997,125.389999,119.650002,121.099998,262330500
2020-10-14,121,123.029999,119.620003,121.190002,150712000
2020-10-15,118.720001,121.199997,118.150002,120.709999,112559200
2020-10-16,121.279999,121.550003,118.809998,119.019997,115393800
2020-10-19,119.959999,120.419998,115.660004,115.980003,120639300
2020-10-20,116.199997,118.980003,115.629997,117.510002,124423700
2020-10-21,116.669998,118.709999,116.449997,116.870003,89946000
2020-10-22,117.449997,118.040001,114.589996,115.75,101988000
2020-10-23,116.389999,116.550003,114.279999,115.040001,82572600
2020-10-26,114.010002,116.550003,112.879997,115.050003,111850700
2020-10-27,115.489998,117.279999,114.540001,116.599998,92276800
2020-10-28,115.050003,115.43,111.099998,111.199997,143937800
2020-10-29,112.370003,116.93,112.199997,115.32,146129200
2020-10-30,111.059998,111.989998,107.720001,108.860001,190272600
2020-11-02,109.110001,110.68,107.32,108.769997,122866900
2020-11-03,109.660004,111.489998,108.730003,110.440002,107624400
2020-11-04,114.139999,115.589996,112.349998,114.949997,138235500
2020-11-05,117.949997,119.620003,116.870003,119.029999,126387100
2020-11-06,118.32,119.199997,116.129997,118.690002,114457900
2020-11-09,120.5,121.989998,116.050003,116.32,154515300
2020-11-10,115.550003,117.589996,114.129997,115.970001,138023400
2020-11-11,117.190002,119.629997,116.440002,119.489998,112295000
2020-11-12,119.620003,120.529999,118.57,119.209999,103162300
2020-11-13,119.440002,119.669998,117.870003,119.260002,81581900
2020-11-16,118.919998,120.989998,118.150002,120.300003,91183000
2020-11-17,119.550003,120.669998,118.959999,119.389999,74271000
2020-11-18,118.610001,119.82,118,118.029999,76322100
2020-11-19,117.589996,119.059998,116.809998,118.639999,74113000
2020-11-20,118.639999,118.769997,117.290001,117.339996,73604300
2020-11-23,117.18,117.620003,113.75,113.849998,127959300
2020-11-24,113.910004,115.849998,112.589996,115.169998,113874200
2020-11-25,115.550003,116.75,115.169998,116.029999,76499200
2020-11-27,116.57,117.489998,116.220001,116.589996,46691300
2020-11-30,116.970001,120.970001,116.809998,119.050003,169410200
2020-12-01,121.010002,123.470001,120.010002,122.720001,127728200
2020-12-02,122.019997,123.370003,120.889999,123.080002,89004200
2020-12-03,123.519997,123.779999,122.209999,122.940002,78967600
2020-12-04,122.599998,122.860001,121.519997,122.25,78260400
2020-12-07,122.309998,124.57,122.25,123.75,86712000
2020-12-08,124.370003,124.980003,123.089996,124.379997,82225500
2020-12-09,124.529999,125.949997,121,121.779999,115089200
2020-12-10,120.5,123.870003,120.150002,123.239998,81312200
2020-12-11,122.43,122.760002,120.550003,122.410004,86939800
2020-12-14,122.599998,123.349998,121.540001,121.779999,79184500
2020-12-15,124.339996,127.900002,124.129997,127.879997,157243700
2020-12-16,127.410004,128.369995,126.559998,127.809998,98208600
2020-12-17,128.899994,129.580002,128.039993,128.699997,94359800
2020-12-18,128.960007,129.100006,126.120003,126.660004,192541500
2020-12-21,125.019997,128.309998,123.449997,128.229996,121251600
2020-12-22,131.610001,134.410004,129.649994,131.880005,168904800
2020-12-23,132.160004,132.429993,130.779999,130.960007,88223700
2020-12-24,131.320007,133.460007,131.100006,131.970001,54930100
2020-12-28,133.990005,137.339996,133.509995,136.690002,124486200
2020-12-29,138.050003,138.789993,134.339996,134.869995,121047300
2020-12-30,135.580002,135.990005,133.399994,133.720001,96452100
2020-12-31,134.080002,134.740005,131.720001,132.690002,99116600
2021-01-04,133.520004,133.610001,126.760002,129.410004,143301900
2021-01-05,128.889999,131.740005,128.429993,131.009995,97664900
2021-01-06,127.720001,131.050003,126.379997,126.599998,155088000
2021-01-07,128.360001,131.630005,127.860001,130.919998,109578200
2021-01-08,132.429993,132.630005,130.229996,132.050003,105158200
2021-01-11,129.190002,130.169998,128.5,128.979996,100384500
2021-01-12,128.5,129.690002,126.860001,128.800003,91951100
2021-01-13,128.759995,131.449997,128.490005,130.889999,88636800
2021-01-14,130.800003,131,128.759995,128.910004,90221800
2021-01-15,128.779999,130.220001,127,127.139999,111598500
2021-01-19,127.779999,128.710007,126.940002,127.830002,90757300
2021-01-20,128.660004,132.490005,128.550003,132.029999,104319500
2021-01-21,133.800003,139.669998,133.589996,136.869995,120150900
2021-01-22,136.279999,139.850006,135.020004,139.070007,114459400
2021-01-25,143.070007,145.089996,136.539993,142.919998,157611700
2021-01-26,143.600006,144.300003,141.369995,143.160004,98390600
2021-01-27,143.429993,144.300003,140.410004,142.059998,140843800
2021-01-28,139.520004,141.990005,136.699997,137.089996,142621100
2021-01-29,135.830002,136.740005,130.210007,131.960007,177523800
2021-02-01,133.75,135.380005,130.929993,134.139999,106239800
2021-02-02,135.729996,136.309998,134.610001,134.990005,83305400
2021-02-03,135.759995,135.770004,133.610001,133.940002,89880900
2021-02-04,136.300003,137.399994,134.589996,137.389999,84183100
2021-02-05,137.350006,137.419998,135.860001,136.759995,75693800
2021-02-08,136.029999,136.960007,134.919998,136.910004,71297200
2021-02-09,136.619995,137.880005,135.850006,136.009995,76774200
2021-02-10,136.479996,136.990005,134.399994,135.389999,73046600
2021-02-11,135.899994,136.389999,133.770004,135.130005,64280000
2021-02-12,134.350006,135.529999,133.690002,135.369995,60145100
2021-02-16,135.490005,136.009995,132.789993,133.190002,80576300
2021-02-17,131.25,132.220001,129.470001,130.839996,97918500
2021-02-18,129.199997,130,127.410004,129.710007,96856700
2021-02-19,130.240005,130.710007,128.800003,129.869995,87668800
2021-02-22,128.009995,129.720001,125.599998,126,103916400
2021-02-23,123.760002,126.709999,118.389999,125.860001,158273000
2021-02-24,124.940002,125.559998,122.230003,125.349998,111039900
2021-02-25,124.68,126.459999,120.540001,120.989998,148199500
2021-02-26,122.589996,124.849998,121.199997,121.260002,164560400
2021-03-01,123.75,127.93,122.790001,127.790001,116307900
2021-03-02,128.410004,128.720001,125.010002,125.120003,102260900
2021-03-03,124.809998,125.709999,121.839996,122.059998,112966300
2021-03-04,121.75,123.599998,118.620003,120.129997,178155000
2021-03-05,120.980003,121.940002,117.57,121.419998,153766600
2021-03-08,120.93,121,116.209999,116.360001,154376600
2021-03-09,119.029999,122.059998,118.790001,121.089996,129525800
2021-03-10,121.690002,122.169998,119.449997,119.980003,111943300
2021-03-11,122.540001,123.209999,121.260002,121.959999,103026500
2021-03-12,120.400002,121.169998,119.160004,121.029999,88105100
2021-03-15,121.410004,124,120.419998,123.989998,92403800
2021-03-16,125.699997,127.220001,124.720001,125.57,115227900
2021-03-17,124.050003,125.860001,122.339996,124.760002,111932600
2021-03-18,122.879997,123.18,120.32,120.529999,121229700
2021-03-19,119.900002,121.43,119.68,119.989998,185549500
2021-03-22,120.330002,123.870003,120.260002,123.389999,111912300
2021-03-23,123.330002,124.239998,122.139999,122.540001,95467100
2021-03-24,122.82,122.900002,120.07,120.089996,88530500
2021-03-25,119.540001,121.660004,119,120.589996,98844700
2021-03-26,120.349998,121.480003,118.919998,121.209999,94071200
2021-03-29,121.650002,122.580002,120.730003,121.389999,80819200
2021-03-30,120.110001,120.400002,118.860001,119.900002,85671900
2021-03-31,121.650002,123.519997,121.150002,122.150002,118323800
2021-04-01,123.660004,124.18,122.489998,123,75089100
2021-04-05,123.870003,126.160004,123.07,125.900002,88651200
2021-04-06,126.5,127.129997,125.650002,126.209999,80171300
2021-04-07,125.830002,127.919998,125.139999,127.900002,83466700
2021-04-08,128.949997,130.389999,128.520004,130.360001,88844600
2021-04-09,129.800003,133.039993,129.470001,133,106686700
2021-04-12,132.520004,132.850006,130.630005,131.240005,91420000
2021-04-13,132.440002,134.660004,131.929993,134.429993,91266500
2021-04-14,134.940002,135,131.660004,132.029999,87222800
2021-04-15,133.820007,135,133.639999,134.5,89347100
2021-04-16,134.300003,134.669998,133.279999,134.160004,84922400
2021-04-19,133.509995,135.470001,133.339996,134.839996,94264200
2021-04-20,135.020004,135.529999,131.809998,133.110001,94812300
2021-04-21,132.360001,133.75,131.300003,133.5,68847100
2021-04-22,133.039993,134.149994,131.410004,131.940002,84566500
2021-04-23,132.160004,135.119995,132.160004,134.320007,78657500
2021-04-26,134.830002,135.059998,133.559998,134.720001,66905100
2021-04-27,135.009995,135.410004,134.110001,134.389999,66015800
2021-04-28,134.309998,135.020004,133.080002,133.580002,107760100
2021-04-29,136.470001,137.070007,132.449997,133.479996,151101000
2021-04-30,131.779999,133.559998,131.070007,131.460007,109839500
2021-05-03,132.039993,134.070007,131.830002,132.539993,75135100
2021-05-04,131.190002,131.490005,126.699997,127.849998,137564700
2021-05-05,129.199997,130.449997,127.970001,128.100006,84000900
2021-05-06,127.889999,129.75,127.129997,129.740005,78128300
2021-05-07,130.850006,131.259995,129.479996,130.210007,78973300
2021-05-10,129.410004,129.539993,126.809998,126.849998,88071200
2021-05-11,123.5,126.269997,122.769997,125.910004,126142800
2021-05-12,123.400002,124.639999,122.25,122.769997,112172300
2021-05-13,124.580002,126.150002,124.260002,124.970001,105861300
2021-05-14,126.25,127.889999,125.849998,127.449997,81918000
2021-05-17,126.82,126.93,125.169998,126.269997,74244600
2021-05-18,126.559998,126.989998,124.779999,124.849998,63342900
2021-05-19,123.160004,124.919998,122.860001,124.690002,92612000
2021-05-20,125.230003,127.720001,125.099998,127.309998,76857100
2021-05-21,127.82,128,125.209999,125.43,79295400
2021-05-24,126.010002,127.940002,125.940002,127.099998,63092900
2021-05-25,127.82,128.320007,126.32,126.900002,72009500
2021-05-26,126.959999,127.389999,126.419998,126.849998,56575900
2021-05-27,126.440002,127.639999,125.080002,125.279999,94625600
2021-05-28,125.57,125.800003,124.550003,124.610001,71311100
2021-06-01,125.080002,125.349998,123.940002,124.279999,67637100
2021-06-02,124.279999,125.239998,124.050003,125.059998,59278900
2021-06-03,124.68,124.849998,123.129997,123.540001,76229200
2021-06-04,124.07,126.160004,123.849998,125.889999,75169300
2021-06-07,126.169998,126.32,124.830002,125.900002,71057600
2021-06-08,126.599998,128.460007,126.209999,126.739998,74403800
2021-06-09,127.209999,127.75,126.519997,127.129997,56877900
2021-06-10,127.019997,128.190002,125.940002,126.110001,71186400
2021-06-11,126.529999,127.440002,126.099998,127.349998,53522400
2021-06-14,127.82,130.539993,127.07,130.479996,96906500
2021-06-15,129.940002,130.600006,129.389999,129.639999,62746300
2021-06-16,130.369995,130.889999,128.460007,130.149994,91815000
2021-06-17,129.800003,132.550003,129.649994,131.789993,96721700
2021-06-18,130.710007,131.509995,130.240005,130.460007,108953300
2021-06-21,130.300003,132.410004,129.210007,132.300003,79663300
2021-06-22,132.130005,134.080002,131.619995,133.979996,74783600
2021-06-23,133.770004,134.320007,133.229996,133.699997,60214200
2021-06-24,134.449997,134.639999,132.929993,133.410004,68711000
2021-06-25,133.460007,133.889999,132.809998,133.110001,70783700
2021-06-28,133.410004,135.25,133.350006,134.779999,62111300
2021-06-29,134.800003,136.490005,134.350006,136.330002,64556100
2021-06-30,136.169998,137.410004,135.869995,136.960007,63261400
2021-07-01,136.600006,137.330002,135.759995,137.270004,52485800
2021-07-02,137.899994,140,137.75,139.960007,78852600
2021-07-06,140.070007,143.149994,140.070007,142.020004,108181800
2021-07-07,143.539993,144.889999,142.660004,144.570007,104911600
2021-07-08,141.580002,144.059998,140.669998,143.240005,105575500
2021-07-09,142.75,145.649994,142.649994,145.110001,99788400
2021-07-12,146.210007,146.320007,144,144.5,76299700
2021-07-13,144.029999,147.460007,143.630005,145.639999,100827100
2021-07-14,148.100006,149.570007,147.679993,149.149994,127050800
2021-07-15,149.240005,150,147.089996,148.479996,106820300
2021-07-16,148.460007,149.759995,145.880005,146.389999,93100300
2021-07-19,143.75,144.070007,141.669998,142.449997,121434600
2021-07-20,143.460007,147.100006,142.960007,146.149994,96350000
2021-07-21,145.529999,146.130005,144.630005,145.399994,74993500
2021-07-22,145.940002,148.199997,145.809998,146.800003,77338200
2021-07-23,147.550003,148.720001,146.919998,148.559998,71361600
2021-07-26,148.270004,149.830002,147.699997,148.990005,72434100
2021-07-27,149.119995,149.210007,145.550003,146.770004,104818600
2021-07-28,144.809998,146.970001,142.539993,144.979996,118931200
2021-07-29,144.690002,146.550003,144.580002,145.639999,56699500
2021-07-30,144.380005,146.330002,144.110001,145.860001,70382000
